path,folder,fileType,originalSize,finalSize,saved,savedPct,action,backupType,localBackup,remoteBackup,pageCount,error
"cadastros/cadastro_1781877802745_d4wqrbzihob.jpg","cadastros",image,228648,0,0,0.00,"optimized","none","","",,""
"cadastros/cadastro_1781878801141_61p7m26t3xq.pdf","cadastros",pdf,16972264,0,0,0.00,"optimized","none","","",,""
"cadastros/cadastro_1781879560423_1h99a6jp02q.pdf","cadastros",pdf,17096335,0,0,0.00,"optimized","none","","",,""
"cadastros/cadastro_1781879789461_eef89vie9vw.pdf","cadastros",pdf,17302310,0,0,0.00,"optimized","none","","",,""
"cadastros/cadastro_1781880209209_8l9dbuwrhad.pdf","cadastros",pdf,15565019,0,0,0.00,"optimized","none","","",,""
"cadastros/cadastro_1781892677456_hysm6wlad77.pdf","cadastros",pdf,15411183,0,0,0.00,"optimized","none","","",,""
"cadastros/cadastro_1781895643008_0lnxdwblsnqe.jpg","cadastros",image,684529,0,0,0.00,"optimized","none","","",,""
"cadastros/cadastro_1781895716809_i9uslxupxuh.pdf","cadastros",pdf,17440410,0,0,0.00,"optimized","none","","",,""
"cadastros/cadastro_1782130943442_42zyicde3t3.pdf","cadastros",pdf,17067680,0,0,0.00,"optimized","none","","",,""
"cadastros/cadastro_1782131230664_8kuhkpqc5a8.pdf","cadastros",pdf,19139202,0,0,0.00,"optimized","none","","",,""
"cadastros/cadastro_1782133174966_u76c7a32fi.pdf","cadastros",pdf,16989113,0,0,0.00,"optimized","none","","",,""
"cadastros/cadastro_1782134290264_6snaortjcyx.pdf","cadastros",pdf,17506774,0,0,0.00,"optimized","none","","",,""
"cadastros/cadastro_1782135150881_pcw27hij5ns.pdf","cadastros",pdf,15985175,0,0,0.00,"optimized","none","","",,""
"cadastros/cadastro_1782137732296_cgfsd8nx7s.pdf","cadastros",pdf,15379984,0,0,0.00,"optimized","none","","",,""
"cadastros/cadastro_1782139149059_zxhmfr948cd.pdf","cadastros",pdf,18036030,0,0,0.00,"optimized","none","","",,""
"cadastros/cadastro_1782140813990_j0ritjbgxgr.pdf","cadastros",pdf,14893582,0,0,0.00,"optimized","none","","",,""
"cadastros/cadastro_1782143701708_mciqf151ehp.pdf","cadastros",pdf,14191244,0,0,0.00,"optimized","none","","",,""
"cadastros/cadastro_1782149749653_vrlmizjmvzn.pdf","cadastros",pdf,15759460,0,0,0.00,"optimized","none","","",,""
"cadastros/cadastro_1782150742576_gnh1gv0hdb9.pdf","cadastros",pdf,15166513,0,0,0.00,"optimized","none","","",,""
"cadastros/cadastro_1782150889014_pouwwk0n8zb.pdf","cadastros",pdf,16932674,0,0,0.00,"optimized","none","","",,""
"cadastros/cadastro_1782151084141_f2pc6oq6xlb.jpg","cadastros",image,724026,0,0,0.00,"optimized","none","","",,""
"cadastros/cadastro_1782152026571_orrxz5h7rlm.jpg","cadastros",image,807931,0,0,0.00,"optimized","none","","",,""
"cadastros/cadastro_1782215639537_5btj2b12dwq.pdf","cadastros",pdf,16727073,0,0,0.00,"optimized","none","","",,""
"cadastros/cadastro_1782216199759_79zlzdmt9zk.pdf","cadastros",pdf,17942600,0,0,0.00,"optimized","none","","",,""
"cadastros/cadastro_1782216559465_csfyay56kr.pdf","cadastros",pdf,17925070,0,0,0.00,"optimized","none","","",,""
"cadastros/cadastro_1782218126207_7hpwblzxk2x.pdf","cadastros",pdf,18070487,0,0,0.00,"optimized","none","","",,""
"cadastros/cadastro_1782224550618_azdnk9wuzc.pdf","cadastros",pdf,15878828,0,0,0.00,"optimized","none","","",,""
"cadastros/cadastro_1782224921971_p9mzmx9rw1.pdf","cadastros",pdf,15697149,0,0,0.00,"optimized","none","","",,""
"cadastros/cadastro_1782225490681_r92g4bn91v.pdf","cadastros",pdf,16951937,0,0,0.00,"optimized","none","","",,""
"cadastros/cadastro_1782227104376_tdnwp96l1i8.pdf","cadastros",pdf,16615209,0,0,0.00,"optimized","none","","",,""
"cadastros/cadastro_1782235523092_aofi9iz6kkh.pdf","cadastros",pdf,17068214,0,0,0.00,"optimized","none","","",,""
"cadastros/cadastro_1782237412330_5o1ji87blrt.pdf","cadastros",pdf,18235561,0,0,0.00,"optimized","none","","",,""
"cadastros/cadastro_1782237971166_j036qwq2dfs.pdf","cadastros",pdf,17197985,0,0,0.00,"optimized","none","","",,""
"cadastros/cadastro_1782238036958_2wwu8gmb7zp.pdf","cadastros",pdf,17516741,0,0,0.00,"optimized","none","","",,""
"cadastros/cadastro_1782238430548_9j40gv6oto6.pdf","cadastros",pdf,18515129,0,0,0.00,"optimized","none","","",,""
"cadastros/cadastro_1782238976488_nckhuz8ko3p.pdf","cadastros",pdf,16765481,0,0,0.00,"optimized","none","","",,""
"cadastros/cadastro_1782239600736_2efw82gieie.pdf","cadastros",pdf,17933410,0,0,0.00,"optimized","none","","",,""
"cadastros/cadastro_1782239988639_xixl345wq6.pdf","cadastros",pdf,15757946,0,0,0.00,"optimized","none","","",,""
"cadastros/cadastro_1782247222362_xgdrb5afw1.jpg","cadastros",image,594896,0,0,0.00,"optimized","none","","",,""
"cadastros/cadastro_1782249879037_svkr14jl6wc.jpg","cadastros",image,520738,0,0,0.00,"optimized","none","","",,""
"cadastros/cadastro_1782302395674_l5mk482a0ca.pdf","cadastros",pdf,16096101,0,0,0.00,"optimized","none","","",,""
"cadastros/cadastro_1782303035382_7t5oa0kgejy.pdf","cadastros",pdf,15178351,0,0,0.00,"optimized","none","","",,""
"cadastros/cadastro_1782303100864_8ap9080xs9v.pdf","cadastros",pdf,15178351,0,0,0.00,"optimized","none","","",,""
"cadastros/cadastro_1782307904493_uoufurybuy.pdf","cadastros",pdf,18220269,0,0,0.00,"optimized","none","","",,""
"cadastros/cadastro_1782309530318_2mhmudjf203.pdf","cadastros",pdf,17779563,0,0,0.00,"optimized","none","","",,""
"cadastros/cadastro_1782309846400_aic8k2lliqk.pdf","cadastros",pdf,17791645,0,0,0.00,"optimized","none","","",,""
"cadastros/cadastro_1782312159512_xvw6rw48p2o.pdf","cadastros",pdf,17811211,0,0,0.00,"optimized","none","","",,""
"cadastros/cadastro_1782316257198_rvi9xy2evu.pdf","cadastros",pdf,18410103,0,0,0.00,"optimized","none","","",,""
"cadastros/cadastro_1782317404609_lexf6zf8jb.pdf","cadastros",pdf,16611484,0,0,0.00,"optimized","none","","",,""
"cadastros/cadastro_1782318308847_8c3kyrjfkyw.pdf","cadastros",pdf,18276974,0,0,0.00,"optimized","none","","",,""
"cadastros/cadastro_1782321820270_kgfa6a6d40i.jpg","cadastros",image,675773,0,0,0.00,"optimized","none","","",,""
"cadastros/cadastro_1782323057715_p3f162c5qkk.pdf","cadastros",pdf,18213686,0,0,0.00,"optimized","none","","",,""
"cadastros/cadastro_1782323368477_62oicd8jgvi.pdf","cadastros",pdf,18078201,0,0,0.00,"optimized","none","","",,""
"cadastros/cadastro_1782324818945_s5c1unnj00i.pdf","cadastros",pdf,17005074,0,0,0.00,"optimized","none","","",,""
"cadastros/cadastro_1782326833961_1ywqvu55js1.pdf","cadastros",pdf,18153719,0,0,0.00,"optimized","none","","",,""
"cadastros/cadastro_1782327706266_m00m9c76pm.jpg","cadastros",image,602941,0,0,0.00,"optimized","none","","",,""
"cadastros/cadastro_1782328547998_k9h2mpbsbkj.pdf","cadastros",pdf,17676843,0,0,0.00,"optimized","none","","",,""
"cadastros/cadastro_1782330650114_j9g6ht7piae.jpg","cadastros",image,650141,0,0,0.00,"optimized","none","","",,""
"cadastros/cadastro_1782332576106_1wkxpldipz3.jpg","cadastros",image,741526,0,0,0.00,"optimized","none","","",,""
"cadastros/cadastro_1782333140256_dxetx2y4gxh.pdf","cadastros",pdf,16502831,0,0,0.00,"optimized","none","","",,""
"cadastros/cadastro_1782392004649_gv5pzsw5o2j.pdf","cadastros",pdf,15982656,0,0,0.00,"optimized","none","","",,""
"cadastros/cadastro_1782394503192_v2gnzam9hq.pdf","cadastros",pdf,17280697,0,0,0.00,"optimized","none","","",,""
"cadastros/cadastro_1782397070256_5surrmfd396.pdf","cadastros",pdf,16983575,0,0,0.00,"optimized","none","","",,""
"cadastros/cadastro_1782398741657_vqm7d3gqv9.jpg","cadastros",image,444267,0,0,0.00,"optimized","none","","",,""
"cadastros/cadastro_1782398754020_88nxnuyd0kp.jpg","cadastros",image,444267,0,0,0.00,"optimized","none","","",,""
"cadastros/cadastro_1782398757668_2uqx5ka4t8a.jpg","cadastros",image,444267,0,0,0.00,"optimized","none","","",,""
"cadastros/cadastro_1782400724458_26p02bt9z2o.pdf","cadastros",pdf,17927989,0,0,0.00,"optimized","none","","",,""
"cadastros/cadastro_1782404123682_gge4i0bjbqb.pdf","cadastros",pdf,16548719,0,0,0.00,"optimized","none","","",,""
"cadastros/cadastro_1782405048966_hbcs9iktbmb.pdf","cadastros",pdf,17641156,0,0,0.00,"optimized","none","","",,""
"cadastros/cadastro_1782405780481_i090hhd619.pdf","cadastros",pdf,17811824,0,0,0.00,"optimized","none","","",,""
"cadastros/cadastro_1782406029382_xcvc4s0qy6.pdf","cadastros",pdf,18021657,0,0,0.00,"optimized","none","","",,""
"cadastros/cadastro_1782406041447_3s5mqsn1l2p.jpg","cadastros",image,628321,0,0,0.00,"optimized","none","","",,""
"cadastros/cadastro_1782408618393_bnkatkxvic.pdf","cadastros",pdf,17767537,0,0,0.00,"optimized","none","","",,""
"cadastros/cadastro_1782410373173_lynsxps1fjc.pdf","cadastros",pdf,17159919,0,0,0.00,"optimized","none","","",,""
"cadastros/cadastro_1782429754980_oi3tlc6neuf.pdf","cadastros",pdf,18340256,0,0,0.00,"optimized","none","","",,""
"cadastros/cadastro_1782430110469_exeyz86854.pdf","cadastros",pdf,15971406,0,0,0.00,"optimized","none","","",,""
"cadastros/cadastro_1782477169823_1sk2d8wo9uh.jpg","cadastros",image,652601,0,0,0.00,"optimized","none","","",,""
"cadastros/cadastro_1782478215257_ues2vb6awf.jpg","cadastros",image,690463,0,0,0.00,"optimized","none","","",,""
"cadastros/cadastro_1782481693959_zs85zq5zqwd.pdf","cadastros",pdf,16413898,0,0,0.00,"optimized","none","","",,""
"cadastros/cadastro_1782483139757_jh3rei2l96.pdf","cadastros",pdf,15991576,0,0,0.00,"optimized","none","","",,""
"cadastros/cadastro_1782484310210_dakxx5kggxi.pdf","cadastros",pdf,17375477,0,0,0.00,"optimized","none","","",,""
"cadastros/cadastro_1782484546937_o53ve2bzt8.pdf","cadastros",pdf,18110422,0,0,0.00,"optimized","none","","",,""
"cadastros/cadastro_1782485132492_6onemd5gsnq.pdf","cadastros",pdf,17983859,0,0,0.00,"optimized","none","","",,""
"cadastros/cadastro_1782493673734_4195kkkytq3.jpg","cadastros",image,748127,0,0,0.00,"optimized","none","","",,""
"cadastros/cadastro_1782494112659_5s57ojyopb4.pdf","cadastros",pdf,20270066,0,0,0.00,"optimized","none","","",,""
"cadastros/cadastro_1782494321870_bvisqwsg9ds.pdf","cadastros",pdf,17244930,0,0,0.00,"optimized","none","","",,""
"cadastros/cadastro_1782495870401_vloa1eazamd.pdf","cadastros",pdf,17858615,0,0,0.00,"optimized","none","","",,""
"cadastros/cadastro_1782497001186_gut6yf46m6.jpg","cadastros",image,677109,0,0,0.00,"optimized","none","","",,""
"cadastros/cadastro_1782498792286_8h162snztiy.pdf","cadastros",pdf,17816703,0,0,0.00,"optimized","none","","",,""
"cadastros/cadastro_1782501714040_khxeggejtm.pdf","cadastros",pdf,16840273,0,0,0.00,"optimized","none","","",,""
"cadastros/cadastro_1782502374166_nl6tffropjn.pdf","cadastros",pdf,16833569,0,0,0.00,"optimized","none","","",,""
"cadastros/cadastro_1782506349406_wxsb0nk6zcj.pdf","cadastros",pdf,18361888,0,0,0.00,"optimized","none","","",,""
"cadastros/cadastro_1782509096964_yfcroyitw3.jpg","cadastros",image,780169,0,0,0.00,"optimized","none","","",,""
"cadastros/cadastro_1782509102418_xh5lqrq0xb.jpg","cadastros",image,780169,0,0,0.00,"optimized","none","","",,""
"cadastros/cadastro_1782509626390_cbtqr4z6n7i.pdf","cadastros",pdf,17085579,0,0,0.00,"optimized","none","","",,""
"cadastros/cadastro_1782562561023_gi85ucuwmng.pdf","cadastros",pdf,17154320,0,0,0.00,"optimized","none","","",,""
"cadastros/cadastro_1782568471351_otfeaa2d5dh.pdf","cadastros",pdf,18551548,0,0,0.00,"optimized","none","","",,""
"cadastros/cadastro_1782569963498_va43e8qlzt.pdf","cadastros",pdf,16818907,0,0,0.00,"optimized","none","","",,""
"cadastros/cadastro_1782579435250_5hx9y5byr9k.pdf","cadastros",pdf,17710129,0,0,0.00,"optimized","none","","",,""
"cadastros/cadastro_1782581707016_d2khdkkp9i.jpg","cadastros",image,708859,0,0,0.00,"optimized","none","","",,""
"cadastros/cadastro_1782584072664_pi6b5sjdvim.pdf","cadastros",pdf,17052227,0,0,0.00,"optimized","none","","",,""
"cadastros/cadastro_1782652130267_haxkvbvmlk8.pdf","cadastros",pdf,18191627,0,0,0.00,"optimized","none","","",,""
"cadastros/cadastro_1782657386319_zdi3uh38e.pdf","cadastros",pdf,18649342,0,0,0.00,"optimized","none","","",,""
"cadastros/cadastro_1782732095019_6r01nmrhw9o.pdf","cadastros",pdf,17014428,0,0,0.00,"optimized","none","","",,""
"cadastros/cadastro_1782732518737_cw9gvu8jdel.jpg","cadastros",image,772329,0,0,0.00,"optimized","none","","",,""
"cadastros/cadastro_1782734805897_cyr7y8sn7di.pdf","cadastros",pdf,16950190,0,0,0.00,"optimized","none","","",,""
"cadastros/cadastro_1782743786604_kdixkqhbk9o.pdf","cadastros",pdf,16623684,0,0,0.00,"optimized","none","","",,""
"cadastros/cadastro_1782755114352_4uhokd2ar4p.jpg","cadastros",image,778291,0,0,0.00,"optimized","none","","",,""
"cadastros/cadastro_1782755340533_jejcx6fphl.pdf","cadastros",pdf,246176,0,0,0.00,"optimized","none","","",,""
"cadastros/cadastro_1782756299213_vwoahj3rq3j.pdf","cadastros",pdf,16416462,0,0,0.00,"optimized","none","","",,""
"cadastros/cadastro_1782757757610_8j5hgw3b4o6.pdf","cadastros",pdf,347654,0,0,0.00,"optimized","none","","",,""
"cadastros/cadastro_1782761677532_tvewuq2mj6.jpg","cadastros",image,558233,0,0,0.00,"optimized","none","","",,""
"cadastros/cadastro_1782765887324_opyc8xh85r.jpg","cadastros",image,638089,0,0,0.00,"optimized","none","","",,""
"cadastros/cadastro_1782821082244_iq46um4br6.pdf","cadastros",pdf,16640930,0,0,0.00,"optimized","none","","",,""
"cadastros/cadastro_1782826589742_k3ecvm9nagl.jpg","cadastros",image,633281,0,0,0.00,"optimized","none","","",,""
"cadastros/cadastro_1782829584519_i3ilzsb5vwp.pdf","cadastros",pdf,16161817,0,0,0.00,"optimized","none","","",,""
"cadastros/cadastro_1782831960240_0tyelzdtq8c.jpg","cadastros",image,922696,0,0,0.00,"optimized","none","","",,""
"cadastros/cadastro_1782833319340_kmfg5lju0v.jpg","cadastros",image,657422,0,0,0.00,"optimized","none","","",,""
"cadastros/cadastro_1782838418592_mso4cd993fd.jpg","cadastros",image,676319,0,0,0.00,"optimized","none","","",,""
"cadastros/cadastro_1782840499928_uyacwi2c5hm.jpg","cadastros",image,1797728,0,0,0.00,"optimized","none","","",,""
"cadastros/cadastro_1782841165609_rnb8b2nipvf.jpg","cadastros",image,853532,0,0,0.00,"optimized","none","","",,""
"cadastros/cadastro_1782841450809_c3660kqegzs.jpg","cadastros",image,653364,0,0,0.00,"optimized","none","","",,""
"cadastros/cadastro_1782843813553_8n4lvlkat0w.jpg","cadastros",image,678725,0,0,0.00,"optimized","none","","",,""
"cadastros/cadastro_1782855527859_2v6mj0m51qc.jpg","cadastros",image,921093,0,0,0.00,"optimized","none","","",,""
"cadastros/cadastro_1782855787765_qmh1eo9cdq9.jpg","cadastros",image,774538,0,0,0.00,"optimized","none","","",,""
"cadastros/cadastro_1782858989675_j2l1fax2nr.jpg","cadastros",image,739550,0,0,0.00,"optimized","none","","",,""
"cadastros/cadastro_1782863707640_5dk8dqv1r16.jpg","cadastros",image,814410,0,0,0.00,"optimized","none","","",,""
"cadastros/cadastro_1782910016468_bgorqbq37sm.jpg","cadastros",image,615883,0,0,0.00,"optimized","none","","",,""
"cadastros/cadastro_1782910717861_52g0l49awtv.jpg","cadastros",image,528052,0,0,0.00,"optimized","none","","",,""
"cadastros/cadastro_1782914549180_nqly4zgv1jm.jpg","cadastros",image,648432,0,0,0.00,"optimized","none","","",,""
"cadastros/cadastro_1782915910968_l3oy456o9of.jpg","cadastros",image,622528,0,0,0.00,"optimized","none","","",,""
"cadastros/cadastro_1782918283158_udjkr7wgfp.jpg","cadastros",image,833810,0,0,0.00,"optimized","none","","",,""
"cadastros/cadastro_1782921479017_ynu89kl5r.jpg","cadastros",image,535376,0,0,0.00,"optimized","none","","",,""
"cadastros/cadastro_1782921668277_l64amgw897.jpg","cadastros",image,604014,0,0,0.00,"optimized","none","","",,""
"cadastros/cadastro_1782923053356_neq2xg40eu9.jpg","cadastros",image,543949,0,0,0.00,"optimized","none","","",,""
"cadastros/cadastro_1782928446368_lfnyeggz5k.jpg","cadastros",image,1370953,0,0,0.00,"optimized","none","","",,""
"cadastros/cadastro_1782933108412_6snvtbfmgn7.jpg","cadastros",image,873648,0,0,0.00,"optimized","none","","",,""
"cadastros/cadastro_1782937218590_2ww2fvetwpd.jpg","cadastros",image,639316,0,0,0.00,"optimized","none","","",,""
"cadastros/cadastro_1782991823753_sx6dz1x34.jpg","cadastros",image,731378,0,0,0.00,"optimized","none","","",,""
"cadastros/cadastro_1782995545175_35ak0fk6n88.jpg","cadastros",image,616993,0,0,0.00,"optimized","none","","",,""
"cadastros/cadastro_1782996056199_03lm1ihd62yd.jpg","cadastros",image,615649,0,0,0.00,"optimized","none","","",,""
"cadastros/cadastro_1782996371962_xfywogf147m.jpg","cadastros",image,508319,0,0,0.00,"optimized","none","","",,""
"cadastros/cadastro_1782996736049_uiek6fish0l.jpg","cadastros",image,482357,0,0,0.00,"optimized","none","","",,""
"cadastros/cadastro_1782997496284_cpi294ptv0m.jpg","cadastros",image,643450,0,0,0.00,"optimized","none","","",,""
"cadastros/cadastro_1782997816106_1yypz2p40ii.jpg","cadastros",image,454212,0,0,0.00,"optimized","none","","",,""
"cadastros/cadastro_1782997922543_e0aerrnfet.jpg","cadastros",image,609394,0,0,0.00,"optimized","none","","",,""
"cadastros/cadastro_1782998189784_hxdsr73sq9l.jpg","cadastros",image,655503,0,0,0.00,"optimized","none","","",,""
"cadastros/cadastro_1783000902238_75048hxvumk.jpg","cadastros",image,632806,0,0,0.00,"optimized","none","","",,""
"cadastros/cadastro_1783001029049_4rkwr53x8yj.jpg","cadastros",image,615498,0,0,0.00,"optimized","none","","",,""
"cadastros/cadastro_1783009190753_f7y66zicl0q.jpg","cadastros",image,613331,0,0,0.00,"optimized","none","","",,""
"cadastros/cadastro_1783013529698_24z2xgk3tk8.jpg","cadastros",image,654023,0,0,0.00,"optimized","none","","",,""
"cadastros/cadastro_1783014828308_wg86ubuz7pa.jpg","cadastros",image,765063,0,0,0.00,"optimized","none","","",,""
"cadastros/cadastro_1783015062310_imiee8z25j8.jpg","cadastros",image,593536,0,0,0.00,"optimized","none","","",,""
"cadastros/cadastro_1783017944823_g1a5n08ir85.jpg","cadastros",image,793066,0,0,0.00,"optimized","none","","",,""
"cadastros/cadastro_1783025731219_zgh4vxub2vf.jpg","cadastros",image,696963,0,0,0.00,"optimized","none","","",,""
"cadastros/cadastro_1783027149630_0mgrhuolurhn.jpg","cadastros",image,771680,0,0,0.00,"optimized","none","","",,""
"cadastros/cadastro_1783029367535_hibq3w37znu.jpg","cadastros",image,489352,0,0,0.00,"optimized","none","","",,""
"cadastros/cadastro_1783033155572_00ryrd7ru00na.jpg","cadastros",image,812414,0,0,0.00,"optimized","none","","",,""
"cadastros/cadastro_1783081373301_t8s8n4cpwtn.jpg","cadastros",image,706141,0,0,0.00,"optimized","none","","",,""
"cadastros/cadastro_1783081697634_5xg5daijqk3.jpg","cadastros",image,799603,0,0,0.00,"optimized","none","","",,""
"cadastros/cadastro_1783081830182_2zm5n99ahm8.jpg","cadastros",image,748699,0,0,0.00,"optimized","none","","",,""
"cadastros/cadastro_1783086598592_8j7z2m5koyh.jpg","cadastros",image,740545,0,0,0.00,"optimized","none","","",,""
"cadastros/cadastro_1783088322217_besdnr3608.jpg","cadastros",image,759503,0,0,0.00,"optimized","none","","",,""
"cadastros/cadastro_1783094113356_au1whr0dww.png","cadastros",image,15758665,0,0,0.00,"optimized","none","","",,""
"cadastros/cadastro_1783095395480_w102qyjgkud.png","cadastros",image,13398198,0,0,0.00,"optimized","none","","",,""
"cadastros/cadastro_1783098152200_0wui0w2vglyj.jpg","cadastros",image,539184,0,0,0.00,"optimized","none","","",,""
"cadastros/cadastro_1783099923800_adydftvy9wt.png","cadastros",image,15688310,0,0,0.00,"optimized","none","","",,""
"cadastros/cadastro_1783100490875_3h0mkyckcad.pdf","cadastros",pdf,17187800,0,0,0.00,"optimized","none","","",,""
"cadastros/cadastro_1783101964540_cltbyz6wnz.jpg","cadastros",image,1014760,0,0,0.00,"optimized","none","","",,""
"cadastros/cadastro_1783108370189_8eg3lalrs7d.pdf","cadastros",pdf,18218411,0,0,0.00,"optimized","none","","",,""
"cadastros/cadastro_1783111336033_0j2zcljj5re.jpg","cadastros",image,796379,0,0,0.00,"optimized","none","","",,""
"cadastros/cadastro_1783112985435_o5mjet31hl.pdf","cadastros",pdf,17533255,0,0,0.00,"optimized","none","","",,""
"cadastros/cadastro_1783113501408_azsjj6c7buk.jpg","cadastros",image,798822,0,0,0.00,"optimized","none","","",,""
"cadastros/cadastro_1783115701650_crkh15xjk78.pdf","cadastros",pdf,17214087,0,0,0.00,"optimized","none","","",,""
"cadastros/cadastro_1783115884385_lc60j6tfop.png","cadastros",image,15923119,0,0,0.00,"optimized","none","","",,""
"cadastros/cadastro_1783118801035_e698gc5w6yl.pdf","cadastros",pdf,16365690,0,0,0.00,"optimized","none","","",,""
"cadastros/cadastro_1783122430268_cgt2r4iwl4.png","cadastros",image,15014882,0,0,0.00,"optimized","none","","",,""
"cadastros/cadastro_1783122751921_z2gfe8ra3i.pdf","cadastros",pdf,16435662,0,0,0.00,"optimized","none","","",,""
"cadastros/cadastro_1783167229017_6v2jdplp286.pdf","cadastros",pdf,17070537,0,0,0.00,"optimized","none","","",,""
"cadastros/cadastro_1783168518901_j3brqekc6t.pdf","cadastros",pdf,16781687,0,0,0.00,"optimized","none","","",,""
"cadastros/cadastro_1783170376449_hkvfo688zk8.png","cadastros",image,14578094,0,0,0.00,"optimized","none","","",,""
"cadastros/cadastro_1783170814259_7ep1f1qz2rc.png","cadastros",image,14292833,0,0,0.00,"optimized","none","","",,""
"cadastros/cadastro_1783172307925_y0a2r3tikgp.png","cadastros",image,15433532,0,0,0.00,"optimized","none","","",,""
"cadastros/cadastro_1783177430559_wmtsnbsghrb.pdf","cadastros",pdf,16981670,0,0,0.00,"optimized","none","","",,""
"cadastros/cadastro_1783177720137_i0vahvit76d.png","cadastros",image,14452928,0,0,0.00,"optimized","none","","",,""
"cadastros/cadastro_1783191025714_bhnuj38if3e.png","cadastros",image,14371707,0,0,0.00,"optimized","none","","",,""
"cadastros/cadastro_1783191202562_gdvvcqvxqzm.png","cadastros",image,14571443,0,0,0.00,"optimized","none","","",,""
"cadastros/cadastro_1783258758585_hjabbwwdywb.png","cadastros",image,15848899,0,0,0.00,"optimized","none","","",,""
"cadastros/cadastro_1783261614708_4kq8h5gby7i.png","cadastros",image,16286104,0,0,0.00,"optimized","none","","",,""
"cadastros/cadastro_1783262381241_c6js82v9jp8.png","cadastros",image,15189339,0,0,0.00,"optimized","none","","",,""
"cadastros/cadastro_1783265427576_c0fpcc2e6hp.png","cadastros",image,15430926,0,0,0.00,"optimized","none","","",,""
"cadastros/cadastro_1783339308922_n78e1xfshy.jpg","cadastros",image,837943,0,0,0.00,"optimized","none","","",,""
"cadastros/cadastro_1783343069276_9hvsdfngq4r.png","cadastros",image,14202537,0,0,0.00,"optimized","none","","",,""
"cadastros/cadastro_1783343298519_1wuxhdu6j78.png","cadastros",image,14191859,0,0,0.00,"optimized","none","","",,""
"cadastros/cadastro_1783344831150_gdkny4bqd3n.png","cadastros",image,15645213,0,0,0.00,"optimized","none","","",,""
"cadastros/cadastro_1783345578329_5yv3xnhnjee.jpg","cadastros",image,700608,0,0,0.00,"optimized","none","","",,""
"cadastros/cadastro_1783346992509_g8khhpe48r9.pdf","cadastros",pdf,17563832,0,0,0.00,"optimized","none","","",,""
"cadastros/cadastro_1783347803394_e42caftnmfn.png","cadastros",image,13741690,0,0,0.00,"optimized","none","","",,""
"cadastros/cadastro_1783349041892_munal40cnzp.png","cadastros",image,14680147,0,0,0.00,"optimized","none","","",,""
"cadastros/cadastro_1783357245349_jtg0hvc3mnj.pdf","cadastros",pdf,17064843,0,0,0.00,"optimized","none","","",,""
"cadastros/cadastro_1783358153617_oc0tah5ucs.pdf","cadastros",pdf,16894534,0,0,0.00,"optimized","none","","",,""
"cadastros/cadastro_1783359793415_du3k5f7e79t.png","cadastros",image,14819140,0,0,0.00,"optimized","none","","",,""
"cadastros/cadastro_1783361307324_3nf9py352qt.pdf","cadastros",pdf,16941257,0,0,0.00,"optimized","none","","",,""
"cadastros/cadastro_1783361497177_q9fvxzmyijm.pdf","cadastros",pdf,17029486,0,0,0.00,"optimized","none","","",,""
"cadastros/cadastro_1783364136584_cp4wqd6u41t.pdf","cadastros",pdf,19169418,0,0,0.00,"optimized","none","","",,""
"cadastros/cadastro_1783364773016_ncxfhf74yn.pdf","cadastros",pdf,15992877,0,0,0.00,"optimized","none","","",,""
"cadastros/cadastro_1783366569866_x682jpnrx9m.png","cadastros",image,15386764,0,0,0.00,"optimized","none","","",,""
"cadastros/cadastro_1783372103800_ia87jqs3fuh.pdf","cadastros",pdf,17564509,0,0,0.00,"optimized","none","","",,""
"cadastros/cadastro_1783373733758_55w7atiep7h.pdf","cadastros",pdf,15979131,0,0,0.00,"optimized","none","","",,""
"cadastros/cadastro_1783374838503_m7z4mg5ai3s.pdf","cadastros",pdf,17214127,0,0,0.00,"optimized","none","","",,""
"cadastros/cadastro_1783380390852_8nbud4eb32m.pdf","cadastros",pdf,16321329,0,0,0.00,"optimized","none","","",,""
"cadastros/cadastro_1783426560666_95kvp0olaye.pdf","cadastros",pdf,17077180,0,0,0.00,"optimized","none","","",,""
"cadastros/cadastro_1783426745871_vplan80bo3p.pdf","cadastros",pdf,17511687,0,0,0.00,"optimized","none","","",,""
"cadastros/cadastro_1783430267681_cjb3gzpub1m.png","cadastros",image,14295078,0,0,0.00,"optimized","none","","",,""
"cadastros/cadastro_1783432198808_82oi8y467he.pdf","cadastros",pdf,17764411,0,0,0.00,"optimized","none","","",,""
"cadastros/cadastro_1783434376039_k68q2f1o6z.png","cadastros",image,7998187,0,0,0.00,"optimized","none","","",,""
"cadastros/cadastro_1783434716301_aov12wkljau.pdf","cadastros",pdf,16800386,0,0,0.00,"optimized","none","","",,""
"cadastros/cadastro_1783442019841_egzid1uk4iu.png","cadastros",image,18890389,0,0,0.00,"optimized","none","","",,""
"cadastros/cadastro_1783447872596_vwowex8goq.pdf","cadastros",pdf,18668228,0,0,0.00,"optimized","none","","",,""
"cadastros/cadastro_1783455435424_vndqbfuytqr.pdf","cadastros",pdf,17886186,0,0,0.00,"optimized","none","","",,""
"cadastros/cadastro_1783456995296_3d209q67gia.png","cadastros",image,6308527,0,0,0.00,"optimized","none","","",,""
"cadastros/cadastro_1783457204043_dab2795j7do.png","cadastros",image,15567455,0,0,0.00,"optimized","none","","",,""
"cadastros/cadastro_1783463152053_gph64svc1x.png","cadastros",image,14503615,0,0,0.00,"optimized","none","","",,""
"cadastros/cadastro_1783509305145_9r1v07awfjv.png","cadastros",image,15724776,0,0,0.00,"optimized","none","","",,""
"cadastros/cadastro_1783514755068_c4b9dkb1gjc.pdf","cadastros",pdf,17578542,0,0,0.00,"optimized","none","","",,""
"cadastros/cadastro_1783516558865_5rdv875y0yw.png","cadastros",image,14011892,0,0,0.00,"optimized","none","","",,""
"cadastros/cadastro_1783517078845_1jyvijy2qmh.png","cadastros",image,14189826,0,0,0.00,"optimized","none","","",,""
"cadastros/cadastro_1783517523142_g5hjv5llf0n.png","cadastros",image,13977477,0,0,0.00,"optimized","none","","",,""
"cadastros/cadastro_1783517970617_uskaoyldjlq.png","cadastros",image,13855546,0,0,0.00,"optimized","none","","",,""
"cadastros/cadastro_1783518502955_4fca2ci49mx.png","cadastros",image,14234040,0,0,0.00,"optimized","none","","",,""
"cadastros/cadastro_1783525194813_9fjfx2ug4ma.pdf","cadastros",pdf,18028197,0,0,0.00,"optimized","none","","",,""
"cadastros/cadastro_1783526939009_2nty3k1rgip.pdf","cadastros",pdf,17672369,0,0,0.00,"optimized","none","","",,""
"cadastros/cadastro_1783527703617_yxmuliqy9mb.png","cadastros",image,14539215,0,0,0.00,"optimized","none","","",,""
"cadastros/cadastro_1783528073016_vy3xxmgws6.pdf","cadastros",pdf,16667055,0,0,0.00,"optimized","none","","",,""
"cadastros/cadastro_1783529603759_tufvqjy88g.pdf","cadastros",pdf,18005580,0,0,0.00,"optimized","none","","",,""
"cadastros/cadastro_1783530660580_le9lp0tbpv.pdf","cadastros",pdf,18407794,0,0,0.00,"optimized","none","","",,""
"cadastros/cadastro_1783530864002_qdgbpqt2zfm.pdf","cadastros",pdf,17601438,0,0,0.00,"optimized","none","","",,""
"cadastros/cadastro_1783533821970_uu6vpi2jndo.png","cadastros",image,14329656,0,0,0.00,"optimized","none","","",,""
"cadastros/cadastro_1783534650738_broltwsg3r9.png","cadastros",image,15967493,0,0,0.00,"optimized","none","","",,""
"cadastros/cadastro_1783534985661_9k4oqxq4r3.pdf","cadastros",pdf,15006078,0,0,0.00,"optimized","none","","",,""
"cadastros/cadastro_1783541160619_43stv02lf17.pdf","cadastros",pdf,17077629,0,0,0.00,"optimized","none","","",,""
"cadastros/cadastro_1783541284161_kg7dtbjlgs.png","cadastros",image,14482934,0,0,0.00,"optimized","none","","",,""
"cadastros/cadastro_1783542717124_e83nunl4wh4.png","cadastros",image,16669242,0,0,0.00,"optimized","none","","",,""
"cadastros/cadastro_1783545476207_hu5vwqy8g1.pdf","cadastros",pdf,18297595,0,0,0.00,"optimized","none","","",,""
"cadastros/cadastro_1783546097430_pclaj90o2i.png","cadastros",image,14524814,0,0,0.00,"optimized","none","","",,""
"cadastros/cadastro_1783548453540_84ebajzlwk.png","cadastros",image,14606234,0,0,0.00,"optimized","none","","",,""
"cadastros/cadastro_1783548862715_v7lsc56jxud.png","cadastros",image,13908235,0,0,0.00,"optimized","none","","",,""
"cadastros/cadastro_1783549533969_rechord8pmp.pdf","cadastros",pdf,18126221,0,0,0.00,"optimized","none","","",,""
"cadastros/cadastro_1783550416055_ssg20wrn3lj.png","cadastros",image,15806899,0,0,0.00,"optimized","none","","",,""
"receita/receita_14432cd3-f967-4f71-952f-976014c35881_1781880263533_0uajclt1szm.pdf","receita",pdf,17237337,0,0,0.00,"optimized","none","","",,""
"receita/receita_18b37442-600c-414a-a925-ea25692a28fc_1783432234478_bqb9a7y9vmh.pdf","receita",pdf,15327271,0,0,0.00,"optimized","none","","",,""
"receita/receita_18b37442-600c-414a-a925-ea25692a28fc_1783432249580_xkrv1v3v8x.pdf","receita",pdf,15209487,0,0,0.00,"optimized","none","","",,""
"receita/receita_18bd8754-a692-4d76-b817-6b1315ab59e8_1783364177541_sajcj1y99j.pdf","receita",pdf,17064682,0,0,0.00,"optimized","none","","",,""
"receita/receita_18bd8754-a692-4d76-b817-6b1315ab59e8_1783364195643_ix13rcgovw.pdf","receita",pdf,16332705,0,0,0.00,"optimized","none","","",,""
"receita/receita_21f37cac-e464-4e0e-b864-c5973700248a_1782494349391_t0vgle92fnq.pdf","receita",pdf,17789289,0,0,0.00,"optimized","none","","",,""
"receita/receita_21f37cac-e464-4e0e-b864-c5973700248a_1782494371089_ecyx2wec1xs.pdf","receita",pdf,15906667,0,0,0.00,"optimized","none","","",,""
"receita/receita_21f37cac-e464-4e0e-b864-c5973700248a_1782494389888_fwgyyv09e2t.pdf","receita",pdf,15566745,0,0,0.00,"optimized","none","","",,""
"receita/receita_363bd301-57f2-4235-b9ea-02fbcafa1469_1782133238443_5bh4kfinueo.pdf","receita",pdf,18117490,0,0,0.00,"optimized","none","","",,""
"receita/receita_363bd301-57f2-4235-b9ea-02fbcafa1469_1782509152305_0enuqeh5b6ur.jpg","receita",image,942527,0,0,0.00,"optimized","none","","",,""
"receita/receita_42535dfd-d884-4ce1-98f2-f986d92325d5_1783099953311_ly6yx7hvzg.png","receita",image,15996902,0,0,0.00,"optimized","none","","",,""
"receita/receita_4549b857-30f6-4b25-8f04-f839540b6c33_1783014851116_tf7224eqex.jpg","receita",image,852819,0,0,0.00,"optimized","none","","",,""
"receita/receita_4a864917-1af1-466e-8039-d0ff2ceeb404_1783115724339_ikdw7g8asvf.pdf","receita",pdf,19704336,0,0,0.00,"optimized","none","","",,""
"receita/receita_4a864917-1af1-466e-8039-d0ff2ceeb404_1783115744587_nhxibbqoc9r.pdf","receita",pdf,20651844,0,0,0.00,"optimized","none","","",,""
"receita/receita_4a864917-1af1-466e-8039-d0ff2ceeb404_1783115759644_x95t6orzndc.pdf","receita",pdf,20059947,0,0,0.00,"optimized","none","","",,""
"receita/receita_4a864917-1af1-466e-8039-d0ff2ceeb404_1783115774674_8nyx5dx5s54.pdf","receita",pdf,14607476,0,0,0.00,"optimized","none","","",,""
"receita/receita_5f0a1ecf-855b-4506-ba74-411bb1f0be25_1782309874400_6a60vfamfsw.pdf","receita",pdf,17900260,0,0,0.00,"optimized","none","","",,""
"receita/receita_7a4a5f33-aaff-4348-a774-8263c28d0aa0_1782143795117_4w2j8l6knj.pdf","receita",pdf,17593030,0,0,0.00,"optimized","none","","",,""
"receita/receita_7eb2f8a4-68ae-457b-8975-5ca565eedf6b_1782140876399_vcgr28n28g.pdf","receita",pdf,17070913,0,0,0.00,"optimized","none","","",,""
"receita/receita_7eb2f8a4-68ae-457b-8975-5ca565eedf6b_1782140896526_axgjcerltn.pdf","receita",pdf,16981452,0,0,0.00,"optimized","none","","",,""
"receita/receita_7eb2f8a4-68ae-457b-8975-5ca565eedf6b_1782140921668_i2egsoxee9g.pdf","receita",pdf,16981452,0,0,0.00,"optimized","none","","",,""
"receita/receita_8115724e-f8f9-4ce0-900e-eca3e319eca3_1782405302544_7c5fottwdym.pdf","receita",pdf,16932685,0,0,0.00,"optimized","none","","",,""
"receita/receita_8556c096-b30e-4613-933f-f961ec939d51_1782303125387_dvulugpl019.pdf","receita",pdf,16892713,0,0,0.00,"optimized","none","","",,""
"receita/receita_8556c096-b30e-4613-933f-f961ec939d51_1782303139682_sfapdwtgi7q.pdf","receita",pdf,15333613,0,0,0.00,"optimized","none","","",,""
"receita/receita_8556c096-b30e-4613-933f-f961ec939d51_1783339946055_zlfh749fm9r.jpg","receita",image,502946,0,0,0.00,"optimized","none","","",,""
"receita/receita_9ec096a8-f578-49ab-9534-3b83a108b276_1783358172642_lf3zvlfpm5.pdf","receita",pdf,14634014,0,0,0.00,"optimized","none","","",,""
"receita/receita_9ec096a8-f578-49ab-9534-3b83a108b276_1783358190466_jjdb9ijhmaq.jpeg","receita",image,74403,0,0,0.00,"optimized","none","","",,""
"receita/receita_a9ed11c7-0508-479c-a864-1c2e571a6ce0_1783364952045_dwha47mfrce.png","receita",image,15135996,0,0,0.00,"optimized","none","","",,""
"receita/receita_abfc199c-f032-47dc-bd4d-c02a897acf87_1783095413895_3xy3ld7uj5h.png","receita",image,13398198,0,0,0.00,"optimized","none","","",,""
"receita/receita_be2f16c7-5008-4526-b157-cf9e60d63ef4_1783263692939_66hf10fkzb9.png","receita",image,15391608,0,0,0.00,"optimized","none","","",,""
"receita/receita_c173c5c9-198b-495c-9a2d-1090f1d841ac_1782757773971_is169keqvc.pdf","receita",pdf,16764176,0,0,0.00,"optimized","none","","",,""
"receita/receita_c1dc2df7-6ead-466e-92eb-adf16fed6b95_1781895757903_0i4chzzrk54.pdf","receita",pdf,14734222,0,0,0.00,"optimized","none","","",,""
"receita/receita_c1f88453-bc32-4c2c-a3f0-935f3e6e907b_1782239022559_tza7634u8z.pdf","receita",pdf,16829545,0,0,0.00,"optimized","none","","",,""
"receita/receita_d26ba2d5-00d4-43de-a153-0b84f14f3c01_1782131353463_alhyeq0xev.pdf","receita",pdf,17067658,0,0,0.00,"optimized","none","","",,""
"receita/receita_e0f525fc-6260-4117-b01a-8efa8f8efa74_1782318332614_037k3mpyhamt.pdf","receita",pdf,17727938,0,0,0.00,"optimized","none","","",,""
"receita/receita_e7a77eda-fe85-4d87-b260-b5645b0ef656_1782991963799_9uwgry6l3b.jpg","receita",image,408861,0,0,0.00,"optimized","none","","",,""
"receita/receita_ef791d5c-e489-491d-8543-d19986371675_1783091057908_6gqxesrvws4.pdf","receita",pdf,17183445,0,0,0.00,"optimized","none","","",,""
"receita/receita_ef791d5c-e489-491d-8543-d19986371675_1783091078188_tzvd0wue9v.pdf","receita",pdf,16345070,0,0,0.00,"optimized","none","","",,""
"receita/receita_ef791d5c-e489-491d-8543-d19986371675_1783091098833_bygmvlykx99.pdf","receita",pdf,17200552,0,0,0.00,"optimized","none","","",,""
"receita/receita_efc493de-4543-4eca-b130-f3ff6310dffd_1783442181027_wbm3qc8xzys.png","receita",image,15343469,0,0,0.00,"optimized","none","","",,""
"receita/receita_fa07d0ba-e404-4a7a-b984-4f1493151232_1783115910249_akvbfzvmi8v.png","receita",image,13652792,0,0,0.00,"optimized","none","","",,""
"receita/receita_fe2da9be-cfc1-4131-a266-120704b101d6_1782584090150_ird37q26hw.pdf","receita",pdf,17969916,0,0,0.00,"optimized","none","","",,""
"receita/receita_fe2da9be-cfc1-4131-a266-120704b101d6_1782584104782_ddvhjhgb6b4.pdf","receita",pdf,16365666,0,0,0.00,"optimized","none","","",,""
"cupom/cupom_1781897980270_p1l97fi0f8.jpg","cupom",image,684529,0,0,0.00,"optimized","none","","",,""
"cupom/cupom_1781898207852_0meffqwf3ja.jpg","cupom",image,528010,0,0,0.00,"optimized","none","","",,""
"identidades/h19rvlqdx4_1774612821510.jpg","identidades",image,4713,0,0,0.00,"optimized","none","","",,""
"identidades/id_1779996374449_0csvh080c1ce.pdf","identidades",pdf,294748,0,0,0.00,"optimized","none","","",,""
"identidades/id_1779996412937_ncqgojxk42j.pdf","identidades",pdf,17736287,0,0,0.00,"optimized","none","","",,""
"identidades/id_1779996443892_kpvi9bu7tmi.pdf","identidades",pdf,294748,0,0,0.00,"optimized","none","","",,""
"identidades/id_1779996479805_wddopypp2pb.pdf","identidades",pdf,693502,0,0,0.00,"optimized","none","","",,""